"","NDVI_Impact","Frag_Impact","LandCover_Impact","project_id","project_title","carbon_val","LON","LAT","carbon_std_err_val"
"1",0.057825577714515,-57708.7539117459,-0.00861963526872642,906001152861,"Fifth Operational Phase of the GEF Small Grants Program in Kenya ",82042.7656854212,37.34005,-0.10187058,0
"2",-0.0152843556251768,-57708.7539117459,-0.026428157344336,906001152865,"CBSP-Capacity Building for Regional Coordination of Sustainable Forest Management in the Congo Basin under the GEF Program for the Congo Basin",221363.395542956,11.51667,3.8666921,0
"3",0.0012701105170414,-57708.7539117459,-0.025296287254266,906001152869,"CACILM: Multicountry Capacity Building Project",129548.29965017,57.03345,38.478992,0
"4",0.117231708907117,-57708.7539117459,-0.082227689873885,906001152869,"CACILM: Multicountry Capacity Building Project",89762.9353642766,60.90065,41.430531,0
"8",0.057825577714515,98662106.503639,-0.000948485171927641,906001152877,"Supporting Sustainable Land Management in Steppe and Semi-arid Zones through Integrated Territorial Planning and Agro-environmental Incentives",126359.291565228,63.62463,53.215565,0
"9",-0.045497067073306,98662106.503639,-0.000948485171927641,906001152879,"SIP: Mainstreaming Sustainable Land Management in Agropastoral Production Systems of Kenya",52015.2218231775,40.31055,0.0528703,0
"10",-0.46214818849391,98662106.503639,-0.025296287254266,906001152879,"SIP: Mainstreaming Sustainable Land Management in Agropastoral Production Systems of Kenya",117728.637208918,36.35,-1.1166763,0
"11",0.057825577714515,-57708.7539117459,-0.026428157344336,906001152887,"PRC-GEF Partnership: Mainstreaming Biodiversity Protection within the Production Landscapes and Protected Areas of the Lake Aibi Basin",96393.160849108,82.68333,44.867315,0
"12",0.057825577714515,10802200.355092,-0.0227268292494582,906001152887,"PRC-GEF Partnership: Mainstreaming Biodiversity Protection within the Production Landscapes and Protected Areas of the Lake Aibi Basin",100471.778230542,83,44.883976,0
"13",0.00148653383103986,-57708.7539117459,-0.000948485171927641,906001152887,"PRC-GEF Partnership: Mainstreaming Biodiversity Protection within the Production Landscapes and Protected Areas of the Lake Aibi Basin",96346.13518794,82.83,44.650636,0
"14",-0.178271211852901,98662106.503639,-0.0120556525169011,906001152889,"Caatinga Conservation and Sustainable Management Project",53489.9887121561,-40.52225,-11.381408,0
"15",-0.045497067073306,98662106.503639,-0.000948485171927641,906001152889,"Caatinga Conservation and Sustainable Management Project",54598.795051892,-38.66667,-9.666727,0
"16",0.0924680669474083,98662106.503639,-0.0120556525169011,906001152889,"Caatinga Conservation and Sustainable Management Project",52701.9776179627,-41.40095,-12.879998,0
"17",0.0924680669474083,98662106.503639,-0.025296287254266,906001152893,"Sustainable Management of Arid and Semi-arid Ecosystems to Combat Desertification in Patagonia (resubmission)",57044.0080375575,-68,-44.000608,0
"18",0.0012701105170414,98662106.503639,-0.025296287254266,906001152895,"SIP: Agricultural and Rural Rehabilitation and Development Initiative (ARRDI)",49210.0032531113,7.84314,13.425872,0
"19",-0.045497067073306,2540877.37353648,-0.000948485171927641,906001152895,"SIP: Agricultural and Rural Rehabilitation and Development Initiative (ARRDI)",13737.8059952941,6.9891,13.675754,0
"20",-0.049800408202648,-57708.7539117459,-0.0120556525169011,906001152895,"SIP: Agricultural and Rural Rehabilitation and Development Initiative (ARRDI)",12975.66747649,7.31528,13.974256,0
"21",0.0924680669474083,-57708.7539117459,-0.025296287254266,906001152895,"SIP: Agricultural and Rural Rehabilitation and Development Initiative (ARRDI)",12886.700528841,7.74211,13.469892,0
"22",-0.045497067073306,-57708.7539117459,-0.000948485171927641,906001152895,"SIP: Agricultural and Rural Rehabilitation and Development Initiative (ARRDI)",12853.2354338956,6.97417,13.871755,0
"23",0.284569908633241,98662106.503639,-0.082227689873885,906001152895,"SIP: Agricultural and Rural Rehabilitation and Development Initiative (ARRDI)",49305.1940542874,7.93,13.620083,0
"24",0.103242534995717,-57708.7539117459,-0.000948485171927641,906001152895,"SIP: Agricultural and Rural Rehabilitation and Development Initiative (ARRDI)",12992.6400194476,7.58861,13.844525,0
"25",-0.151454400950299,-57708.7539117459,-0.025296287254266,906001152895,"SIP: Agricultural and Rural Rehabilitation and Development Initiative (ARRDI)",12992.6779211031,8.05,13.550083,0
"26",0.057825577714515,98662106.503639,-0.000948485171927641,906001152895,"SIP: Agricultural and Rural Rehabilitation and Development Initiative (ARRDI)",49017.4349486306,6.69444,13.655084,0
"27",0.0924680669474083,98662106.503639,-0.082227689873885,906001152895,"SIP: Agricultural and Rural Rehabilitation and Development Initiative (ARRDI)",49268.9094119808,7.91667,13.533413,0
"28",0.0924680669474083,98662106.503639,-0.082227689873885,906001152895,"SIP: Agricultural and Rural Rehabilitation and Development Initiative (ARRDI)",49400.6631943362,8.13472,13.738694,0
"29",0.0924680669474083,98662106.503639,-0.082227689873885,906001152895,"SIP: Agricultural and Rural Rehabilitation and Development Initiative (ARRDI)",49159.1397657987,7.44618,13.546563,0
"30",0.0924680669474083,98662106.503639,-0.000948485171927641,906001152895,"SIP: Agricultural and Rural Rehabilitation and Development Initiative (ARRDI)",49077.0876400747,7.23488,13.466412,0
"31",0.057825577714515,98662106.503639,-0.000948485171927641,906001152895,"SIP: Agricultural and Rural Rehabilitation and Development Initiative (ARRDI)",49095.9523050312,6.55501,13.949196,0
"32",0.057825577714515,98662106.503639,-0.000948485171927641,906001152895,"SIP: Agricultural and Rural Rehabilitation and Development Initiative (ARRDI)",49150.420600212,7.3616,13.577193,0
"33",0.0566103206516803,-57708.7539117459,-0.025296287254266,906001152895,"SIP: Agricultural and Rural Rehabilitation and Development Initiative (ARRDI)",13417.9254186558,8.11194,14.622311,0
"34",0.0566103206516803,-57708.7539117459,-0.025296287254266,906001152895,"SIP: Agricultural and Rural Rehabilitation and Development Initiative (ARRDI)",12857.8120646795,7.4803,13.561283,0
"35",0.0566103206516803,-57708.7539117459,-0.025296287254266,906001152895,"SIP: Agricultural and Rural Rehabilitation and Development Initiative (ARRDI)",12699.7403732476,6.87444,13.534523,0
"36",0.0566103206516803,-57708.7539117459,-0.025296287254266,906001152897,"SIP: Sustainable Land Management in Ghana",35333.253862433,-0.52237,10.568123,0
"37",0.0566103206516803,-57708.7539117459,-0.025296287254266,906001152897,"SIP: Sustainable Land Management in Ghana",93867.1846144692,-1.25,10.266731,0
"38",0.0566103206516803,-57708.7539117459,-0.0120556525169011,906001152897,"SIP: Sustainable Land Management in Ghana",93932.2977402315,-1.083,10.330331,0
"39",0.0566103206516803,-57708.7539117459,-0.025296287254266,906001152899,"LDC/SIDS Portfolio Project: Capacity Building for Sustainable Land Management",318523.921975189,63.41667,-19.700131,0
"40",0.0566103206516803,-57708.7539117459,-0.025296287254266,906001152901,"Sustainable Land Management in Drought Prone  Areas of Nicaragua",15209.5286909412,-86.38057,12.726837,0
"41",-0.0152843556251768,98662106.503639,-0.0120556525169011,906001152901,"Sustainable Land Management in Drought Prone  Areas of Nicaragua",237255.388202359,-86.86744,13.229641,0
"42",-0.049800408202648,-57708.7539117459,-0.000948485171927641,906001152901,"Sustainable Land Management in Drought Prone  Areas of Nicaragua",74110.4430606569,-86.59004,13.05378,0
"43",0.181874951950522,-57708.7539117459,-0.000948485171927641,906001152901,"Sustainable Land Management in Drought Prone  Areas of Nicaragua",74058.8949495911,-86.53903,12.886948,0
"44",-0.049800408202648,-57708.7539117459,-0.000948485171927641,906001152901,"Sustainable Land Management in Drought Prone  Areas of Nicaragua",15144.5886136738,-86.29942,12.505046,0
"45",-0.049800408202648,-57708.7539117459,-0.000948485171927641,906001152901,"Sustainable Land Management in Drought Prone  Areas of Nicaragua",74121.8031950776,-86.7717,13.199311,0
"46",0.181874951950522,-57708.7539117459,-0.000948485171927641,906001152901,"Sustainable Land Management in Drought Prone  Areas of Nicaragua",15240.5575769162,-86.36994,12.801238,0
"47",-0.049800408202648,-57708.7539117459,-0.000948485171927641,906001152909,"SFM Sustainable Forest Management in the Transboundary Gran Chaco American Ecosystem",49706.0823519208,-64.06197,-19.948984,0
"48",0.181874951950522,-57708.7539117459,-0.000948485171927641,906001152909,"SFM Sustainable Forest Management in the Transboundary Gran Chaco American Ecosystem",8581.74885992614,-60,-21.416817,0
"49",-0.049800408202648,-57708.7539117459,-0.000948485171927641,906001152909,"SFM Sustainable Forest Management in the Transboundary Gran Chaco American Ecosystem",7455.99343672292,-63.67778,-22.014043,0
"50",0.181874951950522,-57708.7539117459,-0.000948485171927641,906001152909,"SFM Sustainable Forest Management in the Transboundary Gran Chaco American Ecosystem",8415.46729384441,-63.2167,-19.800132,0
"51",0.181874951950522,-57708.7539117459,-0.000948485171927641,906001152909,"SFM Sustainable Forest Management in the Transboundary Gran Chaco American Ecosystem",66098.4172740706,-59.75,-25.000185,0
"52",-0.178271211852901,222546.721641834,-0.0227268292494582,906001152909,"SFM Sustainable Forest Management in the Transboundary Gran Chaco American Ecosystem",8184.56180349426,-58,-24.000174,0
"53",-0.178271211852901,222546.721641834,-0.0227268292494582,906001152911,"Sustainable Land Management for Combating  Desertification (Phase I)",78174.5071765275,73,33.50031,0
"54",-0.178271211852901,222546.721641834,-0.0227268292494582,906001152913,"SIP: Sustainable Land Management in Senegal",33060.4590532285,-16.4,14.48342,0
"55",-0.178271211852901,222546.721641834,-0.0227268292494582,906001152913,"SIP: Sustainable Land Management in Senegal",7753.40662744444,-15.88333,14.850092,0
"56",0.0123046022035777,222546.721641834,-0.0227268292494582,906001152913,"SIP: Sustainable Land Management in Senegal",7625.98487759544,-16.7602,15.076594,0
"57",-0.178271211852901,222546.721641834,-0.0227268292494582,906001152913,"SIP: Sustainable Land Management in Senegal",7452.00645358525,-16.88333,14.700091,0
"58",0.0123046022035777,222546.721641834,-0.0227268292494582,906001152913,"SIP: Sustainable Land Management in Senegal",7871.0757018096,-15.7156,15.050994,0
"59",0.0123046022035777,222546.721641834,-0.0227268292494582,906001152913,"SIP: Sustainable Land Management in Senegal",33014.7662985678,-15.93333,14.066757,0
"60",-0.178271211852901,222546.721641834,-0.0227268292494582,906001152913,"SIP: Sustainable Land Management in Senegal",91688.2656115948,-16.66667,14.133417,0
"61",0.0924680669474083,222546.721641834,-0.082227689873885,906001152913,"SIP: Sustainable Land Management in Senegal",33051.3649504206,-15.41667,13.833415,0
"62",0.103242534995717,-57708.7539117459,-0.000948485171927641,906001152917,"Sustainable Environmental Management for Sixaola River Basin",200546.819726526,-82.52,9.4300555,0
"64",0.300524976479802,-57708.7539117459,0.00791892571600211,906001152917,"Sustainable Environmental Management for Sixaola River Basin",200480.541054284,-83.02348,9.5782065,0
"65",0.0924680669474083,-57708.7539117459,0.00791892571600211,906001152921,"CACILM: Southern Agriculture Area Development Project--under CACILM Partnership Framework, Phase 1",84502.2040208959,72.79827,41.053459,0
"66",0.0924680669474083,-57708.7539117459,0.00791892571600211,906001152921,"CACILM: Southern Agriculture Area Development Project--under CACILM Partnership Framework, Phase 1",84516.4986934486,73.30068,40.770429,0
"67",0.300524976479802,-57708.7539117459,0.00791892571600211,906001152921,"CACILM: Southern Agriculture Area Development Project--under CACILM Partnership Framework, Phase 1",83621.2210196246,70.93051,39.942464,0
"68",0.0169688962621652,-57708.7539117459,0.00791892571600211,906001152921,"CACILM: Southern Agriculture Area Development Project--under CACILM Partnership Framework, Phase 1",84490.5747060413,72.81554,41.011917,0
"69",0.0924680669474083,-57708.7539117459,0.00791892571600211,906001152921,"CACILM: Southern Agriculture Area Development Project--under CACILM Partnership Framework, Phase 1",84537.9541857512,73.41527,40.753429,0
"70",0.0924680669474083,-57708.7539117459,-0.00861963526872642,906001152921,"CACILM: Southern Agriculture Area Development Project--under CACILM Partnership Framework, Phase 1",84408.0413954211,72.95695,40.706267,0
"71",0.0924680669474083,-57708.7539117459,0.00791892571600211,906001152921,"CACILM: Southern Agriculture Area Development Project--under CACILM Partnership Framework, Phase 1",83640.3925260793,70.81939,40.063057,0
"72",0.0924680669474083,-57708.7539117459,0.00791892571600211,906001152921,"CACILM: Southern Agriculture Area Development Project--under CACILM Partnership Framework, Phase 1",83894.8828211199,71.72962,40.14771,0
"73",0.0924680669474083,-57708.7539117459,0.00791892571600211,906001152921,"CACILM: Southern Agriculture Area Development Project--under CACILM Partnership Framework, Phase 1",84446.0607863198,72.59018,41.039428,0
"74",0.0169688962621652,-57708.7539117459,0.00791892571600211,906001152921,"CACILM: Southern Agriculture Area Development Project--under CACILM Partnership Framework, Phase 1",84223.9462652611,72.4996,40.516561,0
"75",0.300524976479802,-57708.7539117459,-0.0120556525169011,906001152921,"CACILM: Southern Agriculture Area Development Project--under CACILM Partnership Framework, Phase 1",84464.3876143143,72.63285,41.060599,0
"76",0.103242534995717,-57708.7539117459,-0.000948485171927641,906001152921,"CACILM: Southern Agriculture Area Development Project--under CACILM Partnership Framework, Phase 1",84418.1192270535,72.54603,40.994627,0
"77",-0.045497067073306,-57708.7539117459,-0.000948485171927641,906001152921,"CACILM: Southern Agriculture Area Development Project--under CACILM Partnership Framework, Phase 1",83239.6920991822,69.5276,39.839411,0
"78",-0.045497067073306,-57708.7539117459,-0.000948485171927641,906001152921,"CACILM: Southern Agriculture Area Development Project--under CACILM Partnership Framework, Phase 1",83678.4365342091,70.81959,40.16216,0
"79",-0.045497067073306,-57708.7539117459,-0.000948485171927641,906001152921,"CACILM: Southern Agriculture Area Development Project--under CACILM Partnership Framework, Phase 1",84008.9827301807,72.04475,40.244753,0
"80",-0.045497067073306,-57708.7539117459,-0.000948485171927641,906001152921,"CACILM: Southern Agriculture Area Development Project--under CACILM Partnership Framework, Phase 1",84385.669695954,72.86666,40.705087,0
"81",0.0566103206516803,-57708.7539117459,-0.025296287254266,906001152921,"CACILM: Southern Agriculture Area Development Project--under CACILM Partnership Framework, Phase 1",83383.9987878379,69.81861,40.031296,0
"82",0.0566103206516803,-57708.7539117459,-0.025296287254266,906001152921,"CACILM: Southern Agriculture Area Development Project--under CACILM Partnership Framework, Phase 1",84468.9357065257,72.90481,40.898694,0
"83",0.0566103206516803,-57708.7539117459,-0.025296287254266,906001152921,"CACILM: Southern Agriculture Area Development Project--under CACILM Partnership Framework, Phase 1",84483.4915741304,72.74586,41.038098,0
"84",0.0566103206516803,-57708.7539117459,-0.025296287254266,906001152923,"MENARID: Mainstreaming Sustainable Land and Water Management Practices",21547.9142061993,35.44144,30.330076,0
"85",0.0566103206516803,-57708.7539117459,-0.025296287254266,906001152925,"Conservation of Biodiversity and Mitigation of  Land Degradation Through Adaptive Management of Agricultural Heritage Systems",111127.022412591,-7.40854,31.430103,0
"86",0.0566103206516803,-57708.7539117459,-0.025296287254266,906001152925,"Conservation of Biodiversity and Mitigation of  Land Degradation Through Adaptive Management of Agricultural Heritage Systems",111955.932356219,-4.93784,32.020873,0
"87",0.0566103206516803,-57708.7539117459,-0.0120556525169011,906001152925,"Conservation of Biodiversity and Mitigation of  Land Degradation Through Adaptive Management of Agricultural Heritage Systems",9987.79750145956,-9.34822,28.680221,0
"88",0.0566103206516803,-57708.7539117459,-0.025296287254266,906001152925,"Conservation of Biodiversity and Mitigation of  Land Degradation Through Adaptive Management of Agricultural Heritage Systems",10532.2183974596,-8.15399,29.341561,0
"89",0.0566103206516803,-57708.7539117459,-0.025296287254266,906001152925,"Conservation of Biodiversity and Mitigation of  Land Degradation Through Adaptive Management of Agricultural Heritage Systems",111801.459019898,-5.6386,32.064034,0
"90",0.0566103206516803,-57708.7539117459,-0.025296287254266,906001152927,"MENARID: Second Natural Resources Management Project",47985.9052829633,10.16579,36.81935,0
"91",0.0566103206516803,-57708.7539117459,-0.025296287254266,906001152935,"CACILM: Partnership Framework - Land Improvement Project",82577.2445378102,67.03147,39.700217,0
"92",0.0566103206516803,-57708.7539117459,-0.025296287254266,906001152935,"CACILM: Partnership Framework - Land Improvement Project",89990.6203183055,65.585,39.037938,0
"93",0.0566103206516803,-57708.7539117459,-0.025296287254266,906001152937,"CACILM: Demonstrating Sustainable Mountain Pasture Management in Susamyr in Kyrgyzstan-under CACILM Patnership Framework Phase I",85057.7470773912,73.48586,42.067013,0
"94",0.0566103206516803,-57708.7539117459,-0.025296287254266,906001152939,"SFM Rehabilitation and Sustainable Use of Peatland Forests in South-East Asia",244781.992945311,111.1322,1.5461488,0
"95",0.0566103206516803,-57708.7539117459,-0.025296287254266,906001152939,"SFM Rehabilitation and Sustainable Use of Peatland Forests in South-East Asia",244777.709982563,112.18689,0.8623949,0
"96",0.0566103206516803,-57708.7539117459,-0.025296287254266,906001152939,"SFM Rehabilitation and Sustainable Use of Peatland Forests in South-East Asia",242035.599603994,104.27811,-1.2605872,0
"97",0.0566103206516803,-57708.7539117459,-0.025296287254266,906001152939,"SFM Rehabilitation and Sustainable Use of Peatland Forests in South-East Asia",243149.975168851,101.25549,3.5792304,0
"98",0.0566103206516803,-57708.7539117459,-0.025296287254266,906001152939,"SFM Rehabilitation and Sustainable Use of Peatland Forests in South-East Asia",244488.205056869,100.15068,7.7811153,0
"99",0.0566103206516803,-57708.7539117459,-0.025296287254266,906001152939,"SFM Rehabilitation and Sustainable Use of Peatland Forests in South-East Asia",246232.428102604,104.93935,9.2858446,0
"100",0.0566103206516803,-57708.7539117459,-0.025296287254266,906001152939,"SFM Rehabilitation and Sustainable Use of Peatland Forests in South-East Asia",244311.351728566,101.97441,6.1559555,0
"101",0.0566103206516803,-57708.7539117459,-0.025296287254266,906001152939,"SFM Rehabilitation and Sustainable Use of Peatland Forests in South-East Asia",246389.222783052,105.09281,9.5977566,0
"102",0.0566103206516803,-57708.7539117459,-0.025296287254266,906001152939,"SFM Rehabilitation and Sustainable Use of Peatland Forests in South-East Asia",243535.23838003,103.29552,3.2851887,0
"103",0.0566103206516803,-57708.7539117459,-0.025296287254266,906001152943,"Implementation of SLM Practices to Address Land Degradation and Mitigate Effects of Drought",250745.449156639,125.14472,8.1956078,0
"104",0.0566103206516803,-57708.7539117459,-0.025296287254266,906001152943,"Implementation of SLM Practices to Address Land Degradation and Mitigate Effects of Drought",251617.145559921,124.45,10.916735,0
"105",0.0566103206516803,-57708.7539117459,-0.025296287254266,906001152943,"Implementation of SLM Practices to Address Land Degradation and Mitigate Effects of Drought",251806.432889593,125.01667,11.050066,0
"106",0.0566103206516803,-57708.7539117459,-0.025296287254266,906001152943,"Implementation of SLM Practices to Address Land Degradation and Mitigate Effects of Drought",250765.03653226,125.2825,8.1589376,0
"108",0.0566103206516803,-57708.7539117459,-0.025296287254266,906001152943,"Implementation of SLM Practices to Address Land Degradation and Mitigate Effects of Drought",250781.427756905,125.30917,8.1847678,0
"109",0.0566103206516803,-57708.7539117459,-0.025296287254266,906001152943,"Implementation of SLM Practices to Address Land Degradation and Mitigate Effects of Drought",251631.082689882,125.0525,10.568953,0
"110",0.0566103206516803,-57708.7539117459,-0.025296287254266,906001152943,"Implementation of SLM Practices to Address Land Degradation and Mitigate Effects of Drought",251684.718595807,125.01791,10.731184,0
"111",0.0566103206516803,-57708.7539117459,-0.025296287254266,906001152943,"Implementation of SLM Practices to Address Land Degradation and Mitigate Effects of Drought",250726.752378987,125.12778,8.1575476,0
"112",0.0566103206516803,-57708.7539117459,-0.025296287254266,906001152943,"Implementation of SLM Practices to Address Land Degradation and Mitigate Effects of Drought",251672.1273431,125.0057,10.706064,0
"113",0.0566103206516803,-57708.7539117459,-0.025296287254266,906001152943,"Implementation of SLM Practices to Address Land Degradation and Mitigate Effects of Drought",251667.887408075,125.05,10.666733,0
"114",0.0924680669474083,-57708.7539117459,-0.0120556525169011,906001152943,"Implementation of SLM Practices to Address Land Degradation and Mitigate Effects of Drought",251635.357934671,125.06356,10.573063,0
"115",-0.103471164400625,-57708.7539117459,0.00791892571600211,906001152943,"Implementation of SLM Practices to Address Land Degradation and Mitigate Effects of Drought",251685.442625262,125.01667,10.733394,0
"116",-0.103471164400625,-57708.7539117459,0.00791892571600211,906001152943,"Implementation of SLM Practices to Address Land Degradation and Mitigate Effects of Drought",251689.216637254,125.0107,10.747064,0
"117",0.300524976479802,-57708.7539117459,0.00791892571600211,906001152943,"Implementation of SLM Practices to Address Land Degradation and Mitigate Effects of Drought",251652.503707348,125.0552,10.623463,0
"118",-0.103471164400625,-57708.7539117459,0.00791892571600211,906001152943,"Implementation of SLM Practices to Address Land Degradation and Mitigate Effects of Drought",251794.278351283,124.835,11.133677,0
"119",0.0566103206516803,-57708.7539117459,-0.025296287254266,906001152947,"CACILM: Capacity Building and on-the-ground Investments for Integrated and Sustainable Land Management - under CACILM Partnership Framework, Phase 1",88613.5095516943,60,39.000437,0
"120",0.0566103206516803,-57708.7539117459,-0.025296287254266,906001152947,"CACILM: Capacity Building and on-the-ground Investments for Integrated and Sustainable Land Management - under CACILM Partnership Framework, Phase 1",88507.1759671555,61.66007,37.663911,0
"121",0.0566103206516803,-57708.7539117459,-0.025296287254266,906001152947,"CACILM: Capacity Building and on-the-ground Investments for Integrated and Sustainable Land Management - under CACILM Partnership Framework, Phase 1",129548.26176639,57.03345,38.478992,0
"122",0.0924680669474083,-57708.7539117459,-0.025296287254266,906001152951,"Zambezi Valley Market Led Smallholder Development",33396.92210275,35.34917,-17.367052,0
"123",0.117231708907117,-57708.7539117459,-0.025296287254266,906001152951,"Zambezi Valley Market Led Smallholder Development",33307.2518296331,35.06583,-17.420672,0
"124",0.117231708907117,-57708.7539117459,-0.025296287254266,906001152951,"Zambezi Valley Market Led Smallholder Development",33312.4252389974,35.83278,-17.896226,0
"125",-0.151454400950299,-57708.7539117459,-0.082227689873885,906001152951,"Zambezi Valley Market Led Smallholder Development",92076.6642018124,35.70333,-17.977337,0
"126",0.0169688962621652,-57708.7539117459,-0.000948485171927641,906001152951,"Zambezi Valley Market Led Smallholder Development",33476.3009040685,35.31556,-17.13844,0
"127",0.0123046022035777,2540877.37353648,-0.000948485171927641,906001152951,"Zambezi Valley Market Led Smallholder Development",34516.3910269348,35.78333,-17.216781,0
"128",-0.045497067073306,2540877.37353648,-0.000948485171927641,906001152951,"Zambezi Valley Market Led Smallholder Development",34552.111217662,35.73222,-17.09094,0
"129",-0.045497067073306,-57708.7539117459,-0.000948485171927641,906001152951,"Zambezi Valley Market Led Smallholder Development",33469.7154548518,35.58417,-17.327051,0
"130",-0.045497067073306,-57708.7539117459,-0.000948485171927641,906001152951,"Zambezi Valley Market Led Smallholder Development",33367.6906614402,35.15472,-17.319831,0
"131",0.0123046022035777,-57708.7539117459,-0.000948485171927641,906001152951,"Zambezi Valley Market Led Smallholder Development",33442.8285335329,35.65972,-17.445392,0
"132",0.0123046022035777,-57708.7539117459,-0.000948485171927641,906001152951,"Zambezi Valley Market Led Smallholder Development",33323.6598875326,35.23972,-17.489003,0
"133",-0.045497067073306,-57708.7539117459,-0.000948485171927641,906001152955,"Mindanao Rural Development Program Phase II - Natural Resource Management Project",251631.814818302,125.59472,10.224781,0
"134",-0.158710966501994,-57708.7539117459,-0.000948485171927641,906001152955,"Mindanao Rural Development Program Phase II - Natural Resource Management Project",248894.207778531,121,6.0000346,0
"135",0.00148653383103986,-5211300.8707268,-0.00861963526872642,906001152957,"Sustainable Land Management of Lake Nyasa Catchment in Tanzania",16820.7204351181,34.5,-12.000072,0
"136",-0.045497067073306,-5211300.8707268,-0.00861963526872642,906001152971,"LDC/SIDS Portfolio Project: Capacity Building for Sustainable Land Management in Niue",166446.895521039,-169.86667,-19.033456,0
"137",-0.178271211852901,-57708.7539117459,-0.00861963526872642,906001152977,"Sustainable Land Management in the High Pamir and Pamir-Alai Mountains - and Integrated and Transboundary Initiative in Central Asia Phase I",83295.5965925197,70.91327,39.101679,0
"138",-0.178271211852901,-57708.7539117459,-0.00861963526872642,906001152977,"Sustainable Land Management in the High Pamir and Pamir-Alai Mountains - and Integrated and Transboundary Initiative in Central Asia Phase I",83211.7394301013,70.35998,39.235353,0
"139",-0.178271211852901,-57708.7539117459,-0.00861963526872642,906001152977,"Sustainable Land Management in the High Pamir and Pamir-Alai Mountains - and Integrated and Transboundary Initiative in Central Asia Phase I",82835.0754876136,71.55304,37.490137,0
"140",-0.178271211852901,-57708.7539117459,-0.00861963526872642,906001152979,"Support to the Implementation of the Regional Environmental Action Plan in Central Asia",82668.0106694896,68.5,39.000437,0
"141",-0.178271211852901,-57708.7539117459,-0.00861963526872642,906001152979,"Support to the Implementation of the Regional Environmental Action Plan in Central Asia",93830.4075493299,75.34424,42.849192,0
"142",0.00148653383103986,-5211300.8707268,-0.00861963526872642,906001152981,"CACILM: Achieving Ecosystem Stability on the Exposed Aral Seabed and the Kyzylkum Desert, Uzbekistan - under CACILM Partnership Framework, Phase 1",88325.105134523,59.65232,43.422934,0
"143",-0.178271211852901,-57708.7539117459,-0.00861963526872642,906001152981,"CACILM: Achieving Ecosystem Stability on the Exposed Aral Seabed and the Kyzylkum Desert, Uzbekistan - under CACILM Partnership Framework, Phase 1",89763.2958168368,60.90065,41.430531,0
"144",-0.045497067073306,-5211300.8707268,-0.00861963526872642,906001152983,"Disaster Hazard Mitigation Project (DHMP)",82600.6183068968,72.44972,41.260505,0
"145",-0.178271211852901,-57708.7539117459,-0.00861963526872642,906001152983,"Disaster Hazard Mitigation Project (DHMP)",84334.3500718056,72.3426,40.904964,0
"146",-0.178271211852901,-57708.7539117459,-0.00861963526872642,906001152985,"CACILM: Demonstrating Local Responses to Combating Land Degradation and Improving Sustainable Land Management in SW Tajikistan-under CACILM Partnership Framework, Phase 1",85197.5374297401,68.66667,37.333723,0
"147",-0.178271211852901,-57708.7539117459,-0.00861963526872642,906001152991,"Capacity Building and On-the-Ground Investments for Integrated and Sustainable Land Management",88613.7061759088,60,39.000437,0
"148",-0.178271211852901,-57708.7539117459,-0.00861963526872642,906001152991,"Capacity Building and On-the-Ground Investments for Integrated and Sustainable Land Management",129548.458390604,57.03345,38.478992,0
"149",-0.045497067073306,-57708.7539117459,-0.000948485171927641,906001152999,"SFM Sustainable Land Management of the Upper Watersheds of South Western Haiti",206042.236969523,-74.02028,18.37151,0
"150",0.0924680669474083,-57708.7539117459,-0.000948485171927641,906001153007,"SIP: Sustainable Land Management Pilot Project",16765.5691527804,39.67959,15.129024,0
"151",0.057825577714515,-57708.7539117459,-0.000948485171927641,906001153007,"SIP: Sustainable Land Management Pilot Project",88357.0476223031,38.81392,15.460127,0
"152",0.0924680669474083,-57708.7539117459,-0.000948485171927641,906001153007,"SIP: Sustainable Land Management Pilot Project",88393.8075836068,38.90417,15.498707,0
"153",0.0924680669474083,-57708.7539117459,-0.082227689873885,906001153007,"SIP: Sustainable Land Management Pilot Project",88391.3375767203,38.87825,15.509237,0
"154",0.057825577714515,-57708.7539117459,-0.000948485171927641,906001153007,"SIP: Sustainable Land Management Pilot Project",88383.8362325885,38.85913,15.501307,0
"155",0.0924680669474083,-57708.7539117459,-0.000948485171927641,906001153007,"SIP: Sustainable Land Management Pilot Project",88377.4925354467,38.82026,15.509577,0
"156",0.057825577714515,-57708.7539117459,-0.000948485171927641,906001153015,"SIP: Participatory Integrated Watershed Management Project (PIWAMP)",91670.9208627372,-15.4,13.550083,0
"157",0.0924680669474083,-57708.7539117459,-0.000948485171927641,906001153015,"SIP: Participatory Integrated Watershed Management Project (PIWAMP)",91388.3182770827,-16.46444,13.490363,0
"158",0.0924680669474083,-57708.7539117459,-0.000948485171927641,906001153015,"SIP: Participatory Integrated Watershed Management Project (PIWAMP)",32922.4764572408,-15.18333,13.616753,0
"159",0.0924680669474083,-57708.7539117459,-0.000948485171927641,906001153015,"SIP: Participatory Integrated Watershed Management Project (PIWAMP)",91318.243117276,-16.30556,13.205911,0
"160",-0.178271211852901,98662106.503639,-0.000948485171927641,906001153015,"SIP: Participatory Integrated Watershed Management Project (PIWAMP)",127807.341270999,-16.06722,13.507303,0
"161",0.0169688962621652,98662106.503639,-0.0120556525169011,906001153015,"SIP: Participatory Integrated Watershed Management Project (PIWAMP)",127577.702816791,-16.495,13.18036,0
"162",0.057825577714515,10802200.355092,-0.0227268292494582,906001153015,"SIP: Participatory Integrated Watershed Management Project (PIWAMP)",36912.7042498194,-15.33333,13.700084,0
"163",0.00148653383103986,-57708.7539117459,-0.000948485171927641,906001153015,"SIP: Participatory Integrated Watershed Management Project (PIWAMP)",91524.0942365134,-15.76667,13.400082,0
"164",0.00148653383103986,-57708.7539117459,-0.000948485171927641,906001153015,"SIP: Participatory Integrated Watershed Management Project (PIWAMP)",91538.5113023689,-15.91667,13.533413,0
"165",-0.045497067073306,-57708.7539117459,-0.026428157344336,906001153015,"SIP: Participatory Integrated Watershed Management Project (PIWAMP)",33007.3604261597,-14.78333,13.583413,0
"166",0.0169688962621652,-57708.7539117459,-0.000948485171927641,906001153015,"SIP: Participatory Integrated Watershed Management Project (PIWAMP)",91440.1316092032,-16.26667,13.499523,0
"167",0.0169688962621652,-57708.7539117459,-0.000948485171927641,906001153015,"SIP: Participatory Integrated Watershed Management Project (PIWAMP)",91648.3991163289,-15.28333,13.416752,0
"168",0.284569908633241,98662106.503639,-0.082227689873885,906001153015,"SIP: Participatory Integrated Watershed Management Project (PIWAMP)",127822.243056906,-15.96667,13.483413,0
"169",0.284569908633241,98662106.503639,-0.082227689873885,906001153015,"SIP: Participatory Integrated Watershed Management Project (PIWAMP)",127896.647409448,-15.58333,13.433412,0
"170",0.284569908633241,98662106.503639,-0.082227689873885,906001153015,"SIP: Participatory Integrated Watershed Management Project (PIWAMP)",127777.046961642,-15.91667,13.333411,0
"171",0.284569908633241,98662106.503639,-0.082227689873885,906001153015,"SIP: Participatory Integrated Watershed Management Project (PIWAMP)",127803.082584031,-16.08222,13.507023,0
"172",0.284569908633241,98662106.503639,-0.082227689873885,906001153015,"SIP: Participatory Integrated Watershed Management Project (PIWAMP)",69382.8947665484,-14.48333,13.550083,0
"173",0.284569908633241,98662106.503639,-0.082227689873885,906001153015,"SIP: Participatory Integrated Watershed Management Project (PIWAMP)",127882.137505391,-15.61667,13.416752,0
"174",0.284569908633241,98662106.503639,-0.082227689873885,906001153015,"SIP: Participatory Integrated Watershed Management Project (PIWAMP)",127826.980372334,-16.00694,13.521473,0
"175",0.0012701105170414,-57708.7539117459,-0.025296287254266,906001153015,"SIP: Participatory Integrated Watershed Management Project (PIWAMP)",91507.3109901194,-16.02778,13.522863,0
"176",0.0012701105170414,-57708.7539117459,-0.025296287254266,906001153015,"SIP: Participatory Integrated Watershed Management Project (PIWAMP)",91483.7866824518,-16.13639,13.530643,0
"177",-0.049800408202648,98662106.503639,-0.000948485171927641,906001153015,"SIP: Participatory Integrated Watershed Management Project (PIWAMP)",127763.58669988,-15.81667,13.233411,0
"178",0.057825577714515,98662106.503639,-0.000948485171927641,906001153015,"SIP: Participatory Integrated Watershed Management Project (PIWAMP)",127753.626365306,-15.88333,13.250081,0
"179",0.0566103206516803,-57708.7539117459,-0.025296287254266,906001153015,"SIP: Participatory Integrated Watershed Management Project (PIWAMP)",91464.4950591034,-16.22444,13.536473,0
"180",-0.178271211852901,222546.721641834,-0.0227268292494582,906001153015,"SIP: Participatory Integrated Watershed Management Project (PIWAMP)",91459.1744651812,-16.45556,13.400082,0
"181",-0.178271211852901,222546.721641834,-0.0227268292494582,906001153015,"SIP: Participatory Integrated Watershed Management Project (PIWAMP)",91695.1087762959,-15.75,13.566753,0
"182",-0.178271211852901,222546.721641834,-0.0227268292494582,906001153015,"SIP: Participatory Integrated Watershed Management Project (PIWAMP)",91535.6089834541,-16.07,13.353972,0
"183",0.181874951950522,-57708.7539117459,-0.000948485171927641,906001153015,"SIP: Participatory Integrated Watershed Management Project (PIWAMP)",33016.5929211896,-14.66667,13.533413,0
"184",0.0566103206516803,-57708.7539117459,-0.025296287254266,906001153015,"SIP: Participatory Integrated Watershed Management Project (PIWAMP)",91480.5508148011,-16.09047,13.493003,0
"185",-0.151454400950299,-57708.7539117459,-0.082227689873885,906001153015,"SIP: Participatory Integrated Watershed Management Project (PIWAMP)",91434.0949608854,-15.9,13.250081,0
"186",0.0924680669474083,222546.721641834,-0.082227689873885,906001153015,"SIP: Participatory Integrated Watershed Management Project (PIWAMP)",91694.7955882912,-15.75,13.566753,0
"187",0.284569908633241,222546.721641834,-0.0227268292494582,906001153015,"SIP: Participatory Integrated Watershed Management Project (PIWAMP)",91710.0397211649,-15.4,13.383412,0
"188",0.284569908633241,222546.721641834,-0.0227268292494582,906001153015,"SIP: Participatory Integrated Watershed Management Project (PIWAMP)",91669.2811955932,-15.75,13.500083,0
"189",0.284569908633241,222546.721641834,-0.025296287254266,906001153015,"SIP: Participatory Integrated Watershed Management Project (PIWAMP)",91552.5704291926,-16.28056,13.533413,0
"190",0.284569908633241,222546.721641834,-0.0227268292494582,906001153017,"Sustainable Land Management for Mitigating Land Degradation, Enhancing Agricultural Biodiversity and Reducing Poverty (SLaM)",219534.771255033,-0.22807,6.3082564,0
"191",0.284569908633241,222546.721641834,-0.0227268292494582,906001153017,"Sustainable Land Management for Mitigating Land Degradation, Enhancing Agricultural Biodiversity and Reducing Poverty (SLaM)",33681.2196091106,-0.26166,5.8153635,0
"192",0.284569908633241,222546.721641834,-0.0227268292494582,906001153023,"SIP: Stabilizing Rural Populations through Improved Systems for SLM and Local Governance of Lands in Southern Madagascar",7556.51966295165,44.96667,-24.466849,0
"193",0.284569908633241,222546.721641834,-0.082227689873885,906001153023,"SIP: Stabilizing Rural Populations through Improved Systems for SLM and Local Governance of Lands in Southern Madagascar",7228.65183966149,44.61667,-25.100186,0
"194",0.284569908633241,222546.721641834,-0.0227268292494582,906001153023,"SIP: Stabilizing Rural Populations through Improved Systems for SLM and Local Governance of Lands in Southern Madagascar",7507.16562477209,44.81667,-24.500179,0
"196",0.284569908633241,222546.721641834,-0.082227689873885,906001153025,"SIP: Watershed Management",78211.3652169173,48.5,-17.500113,0
"197",0.284569908633241,222546.721641834,-0.0227268292494582,906001153031,"SIP: Fostering Agricultural Productivity in Mali",93294.5877236617,-5.66654,11.317618,0
"198",0.284569908633241,222546.721641834,-0.082227689873885,906001153031,"SIP: Fostering Agricultural Productivity in Mali",9937.65058275106,-5.993,14.252688,0
"199",0.284569908633241,222546.721641834,-0.0227268292494582,906001153031,"SIP: Fostering Agricultural Productivity in Mali",10090.0709870899,-6.1219,14.732892,0
"200",0.284569908633241,222546.721641834,-0.0227268292494582,906001153031,"SIP: Fostering Agricultural Productivity in Mali",9813.2717335548,-7.66836,14.995653,0
"201",0.057825577714515,-57708.7539117459,-0.026428157344336,906001153031,"SIP: Fostering Agricultural Productivity in Mali",10365.1448216873,-4.18296,14.48439,0
"202",0.057825577714515,-57708.7539117459,-0.000948485171927641,906001153031,"SIP: Fostering Agricultural Productivity in Mali",9715.10158737192,-5.97878,13.930576,0
"203",0.0199754725331542,-57708.7539117459,-0.000948485171927641,906001153031,"SIP: Fostering Agricultural Productivity in Mali",93111.4422324792,-7.98967,12.589246,0
"204",0.0566103206516803,-57708.7539117459,-0.025296287254266,906001153031,"SIP: Fostering Agricultural Productivity in Mali",35039.8079635005,-6.2157,13.431782,0
"205",0.0566103206516803,-57708.7539117459,-0.025296287254266,906001153031,"SIP: Fostering Agricultural Productivity in Mali",9772.72872351686,-5.9549,14.066087,0
"206",0.0566103206516803,-57708.7539117459,-0.025296287254266,906001153031,"SIP: Fostering Agricultural Productivity in Mali",9836.1978081833,-5.98333,14.250088,0
"207",0.0566103206516803,-57708.7539117459,-0.025296287254266,906001153031,"SIP: Fostering Agricultural Productivity in Mali",9694.80338584004,-6.0486,13.922186,0
"208",0.0566103206516803,-57708.7539117459,-0.025296287254266,906001153031,"SIP: Fostering Agricultural Productivity in Mali",93132.1203856887,-8,12.650077,0
"209",0.0566103206516803,-57708.7539117459,-0.025296287254266,906001153031,"SIP: Fostering Agricultural Productivity in Mali",10333.6435191883,-3.33328,13.860225,0
"210",0.181874951950522,-57708.7539117459,-0.0291095296025187,906001153039,"Sustainable Co-Management of the Natural Resources of the Air-Tenere Complex",14749.733778293,8.9439,17.572613,0
"211",-0.416398976905892,-57708.7539117459,-0.0291095296025187,906001153039,"Sustainable Co-Management of the Natural Resources of the Air-Tenere Complex",14815.4347460427,7.78444,18.482621,0
"212",0.103242534995717,-57708.7539117459,-0.0291095296025187,906001153039,"Sustainable Co-Management of the Natural Resources of the Air-Tenere Complex",15188.8059866901,8.4,19.066796,0
"213",-0.416398976905892,-57708.7539117459,-0.0291095296025187,906001153039,"Sustainable Co-Management of the Natural Resources of the Air-Tenere Complex",14917.3175412338,8.77917,18.114558,0
"214",-0.178271211852901,222546.721641834,-0.0227268292494582,906001153039,"Sustainable Co-Management of the Natural Resources of the Air-Tenere Complex",15030.3578828015,9,18.000117,0
"215",0.0123046022035777,-57708.7539117459,-0.000948485171927641,906001153041,"National Fadama Development Program II (NFDP II): Critical Ecosystem Management",37176.3339869909,4.32893,12.291054,0
"217",-0.045497067073306,-57708.7539117459,-0.000948485171927641,906001153045,"SIP: Integrated Ecosystem Management in Four Representative Landscapes of Senegal, Phase 2",8167.20285108081,-14,15.000093,0
"218",0.0123046022035777,-57708.7539117459,-0.000948485171927641,906001153045,"SIP: Integrated Ecosystem Management in Four Representative Landscapes of Senegal, Phase 2",7675.92085685715,-16.66667,15.416767,0
"219",0.284569908633241,-57708.7539117459,-0.000948485171927641,906001153045,"SIP: Integrated Ecosystem Management in Four Representative Landscapes of Senegal, Phase 2",7918.34083945302,-16.46207,15.92033,0
"220",0.057825577714515,10802200.355092,-0.0227268292494582,906001153045,"SIP: Integrated Ecosystem Management in Four Representative Landscapes of Senegal, Phase 2",11925.8759686764,-16.51331,15.985571,0
"221",0.057825577714515,10802200.355092,-0.0227268292494582,906001153045,"SIP: Integrated Ecosystem Management in Four Representative Landscapes of Senegal, Phase 2",37237.979370635,-12.91459,13.007769,0
"222",0.057825577714515,10802200.355092,-0.0227268292494582,906001153047,"SIP: Lower Usuthu Smallholder Irrigation Project (LUSIP)",32905.5539706371,31.5566,-26.673395,0
"223",0.057825577714515,10802200.355092,-0.0227268292494582,906001153047,"SIP: Lower Usuthu Smallholder Irrigation Project (LUSIP)",32910.5686469581,31.76756,-26.794816,0
"224",-0.0152843556251768,98662106.503639,-0.000948485171927641,906001153047,"SIP: Lower Usuthu Smallholder Irrigation Project (LUSIP)",65235.4967131805,31.70293,-26.742196,0
"225",0.0123046022035777,98662106.503639,-0.000948485171927641,906001153047,"SIP: Lower Usuthu Smallholder Irrigation Project (LUSIP)",65228.7970906746,31.61367,-26.702735,0
"226",-0.178271211852901,98662106.503639,-0.0120556525169011,906001153051,"Integrated Landscape Management for Improved Livelihoods and Ecosystem Resilience in Mount Elgon ",118149.30850985,34.33296,1.2693872,0
"227",-0.346474654484587,98662106.503639,-0.000948485171927641,906001153051,"Integrated Landscape Management for Improved Livelihoods and Ecosystem Resilience in Mount Elgon ",118044.391984124,34.24026,1.053946,0
"228",0.0123046022035777,98662106.503639,-0.000948485171927641,906001153051,"Integrated Landscape Management for Improved Livelihoods and Ecosystem Resilience in Mount Elgon ",117985.009068992,34.24509,0.89631509,0
"229",0.0012701105170414,98662106.503639,-0.0120556525169011,906001153051,"Integrated Landscape Management for Improved Livelihoods and Ecosystem Resilience in Mount Elgon ",118165.761882146,34.36031,1.2952674,0
"230",0.0012701105170414,98662106.503639,-0.0120556525169011,906001153051,"Integrated Landscape Management for Improved Livelihoods and Ecosystem Resilience in Mount Elgon ",118015.476889608,34.22459,0.98905562,0
"231",0.0123046022035777,98662106.503639,-0.000948485171927641,906001153051,"Integrated Landscape Management for Improved Livelihoods and Ecosystem Resilience in Mount Elgon ",117996.486950906,34.27615,0.90650515,0
"232",0.057825577714515,-57708.7539117459,-0.04806381335263,906001153055,"SIP: Kalahari-Namib Project: Enhancing Decision-making through Interactive Environmental Learning and Action in Molopo-Nossob River Basin in Botswana, Namibia and South Africa",-4684.17306603449,20.21667,-28.516899,0
"233",-0.045497067073306,-57708.7539117459,-0.04806381335263,906001153055,"SIP: Kalahari-Namib Project: Enhancing Decision-making through Interactive Environmental Learning and Action in Molopo-Nossob River Basin in Botswana, Namibia and South Africa",597.271994559908,20.68333,-26.900208,0
"234",0.00148653383103986,-57708.7539117459,-0.000948485171927641,906001153059,"SIP: Lake Victoria Environmental Management Project II",39622.9264384686,34.45714,-0.527313,0
"235",0.057825577714515,-57708.7539117459,-0.04806381335263,906001153059,"SIP: Lake Victoria Environmental Management Project II",224326.389191619,31.81222,-1.3316776,0
"236",0.00148653383103986,-57708.7539117459,-0.0291095296025187,906001153059,"SIP: Lake Victoria Environmental Management Project II",225516.598450535,34.76171,-0.10221058,0
"237",0.0924680669474083,222546.721641834,-0.0227268292494582,906001153059,"SIP: Lake Victoria Environmental Management Project II",38584.7524071846,32.9,-2.5166843,0
"238",0.0924680669474083,222546.721641834,-0.082227689873885,906001153059,"SIP: Lake Victoria Environmental Management Project II",224792.154578585,31.73409,-0.3337919,0
"239",0.0924680669474083,222546.721641834,-0.0227268292494582,906001153059,"SIP: Lake Victoria Environmental Management Project II",225118.600093604,32.44694,0.064440366,0
"240",0.0924680669474083,222546.721641834,-0.082227689873885,906001153059,"SIP: Lake Victoria Environmental Management Project II",225446.32531488,33.20317,0.43902249,0
"241",0.0924680669474083,-42368357.2330904,-0.0227268292494582,906001153059,"SIP: Lake Victoria Environmental Management Project II",6994.95252292986,33,-1.0000057,0
"242",0.0924680669474083,222546.721641834,-0.082227689873885,906001153059,"SIP: Lake Victoria Environmental Management Project II",225247.838312286,32.58219,0.3162818,0
"243",0.0924680669474083,222546.721641834,-0.082227689873885,906001153059,"SIP: Lake Victoria Environmental Management Project II",22666.352593807,33.8,-1.5000085,0
"244",0.0924680669474083,222546.721641834,-0.0227268292494582,906001153061,"SIP: Eastern Nile Transboundary Watershed Management in Support of ENSAP Implementation",86377.4199676132,36.75,11.333398,0
"245",0.0924680669474083,222546.721641834,-0.0227268292494582,906001153061,"SIP: Eastern Nile Transboundary Watershed Management in Support of ENSAP Implementation",86256.6204332042,37.48333,10.550063,0
"246",0.0924680669474083,222546.721641834,-0.0227268292494582,906001153061,"SIP: Eastern Nile Transboundary Watershed Management in Support of ENSAP Implementation",87248.6147112644,39.667,11.750071,0
"247",0.0924680669474083,222546.721641834,-0.0227268292494582,906001153061,"SIP: Eastern Nile Transboundary Watershed Management in Support of ENSAP Implementation",86647.3087735363,37.3333,11.66677,0
"248",0.0924680669474083,222546.721641834,-0.082227689873885,906001153061,"SIP: Eastern Nile Transboundary Watershed Management in Support of ENSAP Implementation",84476.2848279237,35.65,7.066711,0
"249",0.0924680669474083,222546.721641834,-0.0227268292494582,906001153061,"SIP: Eastern Nile Transboundary Watershed Management in Support of ENSAP Implementation",84746.2934985891,36.23333,7.400043,0
"250",-0.049800408202648,-57708.7539117459,-0.0120556525169011,906001153061,"SIP: Eastern Nile Transboundary Watershed Management in Support of ENSAP Implementation",85499.8698193239,37.96515,8.5342199,0
"251",-0.049800408202648,-57708.7539117459,-0.0120556525169011,906001153061,"SIP: Eastern Nile Transboundary Watershed Management in Support of ENSAP Implementation",86530.0572231685,39.89693,9.9946691,0
"252",0.0566103206516803,-57708.7539117459,-0.025296287254266,906001153061,"SIP: Eastern Nile Transboundary Watershed Management in Support of ENSAP Implementation",84677.2304057184,37,7.0000406,0
"253",0.0566103206516803,-57708.7539117459,-0.025296287254266,906001153061,"SIP: Eastern Nile Transboundary Watershed Management in Support of ENSAP Implementation",84357.4367988645,35.16667,7.3333726,0
"254",0.0566103206516803,-57708.7539117459,-0.025296287254266,906001153061,"SIP: Eastern Nile Transboundary Watershed Management in Support of ENSAP Implementation",86109.2732852727,37.06667,10.700064,0
"255",0.0566103206516803,-57708.7539117459,-0.025296287254266,906001153061,"SIP: Eastern Nile Transboundary Watershed Management in Support of ENSAP Implementation",87701.3968978084,38.41667,14.000086,0
"256",0.0566103206516803,-57708.7539117459,-0.025296287254266,906001153061,"SIP: Eastern Nile Transboundary Watershed Management in Support of ENSAP Implementation",87516.546632587,39.75,12.666747,0
"257",0.0566103206516803,-57708.7539117459,-0.025296287254266,906001153061,"SIP: Eastern Nile Transboundary Watershed Management in Support of ENSAP Implementation",86180.0585316646,39.5,9.3333549,0
"258",0.0566103206516803,-57708.7539117459,-0.025296287254266,906001153061,"SIP: Eastern Nile Transboundary Watershed Management in Support of ENSAP Implementation",20525.3236129395,39,13.500083,0
"259",0.0566103206516803,-57708.7539117459,-0.025296287254266,906001153061,"SIP: Eastern Nile Transboundary Watershed Management in Support of ENSAP Implementation",84980.569990268,37.25,7.6333744,0
"260",0.0566103206516803,-57708.7539117459,-0.025296287254266,906001153061,"SIP: Eastern Nile Transboundary Watershed Management in Support of ENSAP Implementation",44969.7685913876,36.33333,12.250074,0
"261",0.0566103206516803,-57708.7539117459,-0.025296287254266,906001153075,"Sustainable Land Management and Climate Change Mitigation Co-benefits SLM CCMC",7122.34338344605,-4.83398,18.31293,0
"262",0.0566103206516803,-57708.7539117459,-0.025296287254266,906001153075,"Sustainable Land Management and Climate Change Mitigation Co-benefits SLM CCMC",98141.1564399044,21.09375,7.1881417,0
"263",0.103242534995717,2540877.37353648,0.00791892571600211,906001153075,"Sustainable Land Management and Climate Change Mitigation Co-benefits SLM CCMC",1859.5321900438,22.28027,-27.11802,0
"264",0.103242534995717,-57708.7539117459,0.00791892571600211,906001153075,"Sustainable Land Management and Climate Change Mitigation Co-benefits SLM CCMC",52278.5204333755,9.14062,48.69181,0
"265",-0.0152843556251768,2540877.37353648,0.00791892571600211,906001153075,"Sustainable Land Management and Climate Change Mitigation Co-benefits SLM CCMC",59651.6238256186,76.97021,22.207905,0
"266",-0.46214818849391,-57708.7539117459,-0.082227689873885,906001153075,"Sustainable Land Management and Climate Change Mitigation Co-benefits SLM CCMC",134115.662597113,89.29688,29.840888,0
"267",0.284569908633241,-57708.7539117459,-0.0291095296025187,906001153077,"MENARID: Institutional Strengthening and Coherence for Integrated Natural Resources Management",125656.080463096,47.066,34.663533,0
"268",0.103242534995717,-57708.7539117459,-0.0291095296025187,906001153077,"MENARID: Institutional Strengthening and Coherence for Integrated Natural Resources Management",125522.407076172,47.065,34.314496,0
"269",-0.045497067073306,-57708.7539117459,-0.000948485171927641,906001153087,"SLEM/CPP: Sustainable Rural Livelihood Security through Innovations in Land and Ecosystem Management",120378.321429859,89,22.000153,0
"270",0.0123046022035777,-57708.7539117459,-0.000948485171927641,906001153087,"SLEM/CPP: Sustainable Rural Livelihood Security through Innovations in Land and Ecosystem Management",120760.923790946,89,23.000163,0
"271",0.057825577714515,-405131608.334263,-0.000948485171927641,906001153087,"SLEM/CPP: Sustainable Rural Livelihood Security through Innovations in Land and Ecosystem Management",95496.4882428175,92.83333,12.500076,0
"272",0.0924680669474083,-57708.7539117459,-0.082227689873885,906001153087,"SLEM/CPP: Sustainable Rural Livelihood Security through Innovations in Land and Ecosystem Management",244209.452195465,92.65354,11.833821,0
"273",0.057825577714515,-57708.7539117459,-0.000948485171927641,906001153095,"SIP: Integrated Ecological Planning and Sustainable Land Management in Coastal Ecosystems in the Comoros in the Three Island of (Grand Comore, Anjouan, and Moheli)",96198.6322634282,43.72662,-12.321294,0
"274",-0.0357621481908234,-57708.7539117459,-0.0291095296025187,906001153095,"SIP: Integrated Ecological Planning and Sustainable Land Management in Coastal Ecosystems in the Comoros in the Three Island of (Grand Comore, Anjouan, and Moheli)",96423.3341841145,43.3575,-11.498679,0
"275",-0.0357621481908234,-57708.7539117459,-0.0291095296025187,906001153095,"SIP: Integrated Ecological Planning and Sustainable Land Management in Coastal Ecosystems in the Comoros in the Three Island of (Grand Comore, Anjouan, and Moheli)",96373.6684429479,44.23556,-12.188404,0
"276",0.103242534995717,-57708.7539117459,-0.0291095296025187,906001153095,"SIP: Integrated Ecological Planning and Sustainable Land Management in Coastal Ecosystems in the Comoros in the Three Island of (Grand Comore, Anjouan, and Moheli)",96328.3478992732,43.42556,-11.790071,0
"277",0.00148653383103986,-57708.7539117459,-0.000948485171927641,906001153095,"SIP: Integrated Ecological Planning and Sustainable Land Management in Coastal Ecosystems in the Comoros in the Three Island of (Grand Comore, Anjouan, and Moheli)",96292.7124509855,43.36611,-11.845631,0
"278",0.103242534995717,-57708.7539117459,-0.0291095296025187,906001153095,"SIP: Integrated Ecological Planning and Sustainable Land Management in Coastal Ecosystems in the Comoros in the Three Island of (Grand Comore, Anjouan, and Moheli)",96435.9416771789,43.33333,-11.450069,0
"279",-0.381273814934444,-57708.7539117459,-0.0291095296025187,906001153095,"SIP: Integrated Ecological Planning and Sustainable Land Management in Coastal Ecosystems in the Comoros in the Three Island of (Grand Comore, Anjouan, and Moheli)",96307.4185946699,43.38417,-11.819241,0
"280",0.103242534995717,-57708.7539117459,-0.0291095296025187,906001153095,"SIP: Integrated Ecological Planning and Sustainable Land Management in Coastal Ecosystems in the Comoros in the Three Island of (Grand Comore, Anjouan, and Moheli)",96205.962178987,43.83833,-12.373135,0
"281",-0.0357621481908234,-57708.7539117459,-0.0291095296025187,906001153095,"SIP: Integrated Ecological Planning and Sustainable Land Management in Coastal Ecosystems in the Comoros in the Three Island of (Grand Comore, Anjouan, and Moheli)",96380.9329414815,44.27667,-12.195634,0
"282",-0.0357621481908234,-57708.7539117459,-0.0291095296025187,906001153095,"SIP: Integrated Ecological Planning and Sustainable Land Management in Coastal Ecosystems in the Comoros in the Three Island of (Grand Comore, Anjouan, and Moheli)",96307.9048934917,43.43722,-11.851181,0
"283",0.103242534995717,-57708.7539117459,-0.0291095296025187,906001153095,"SIP: Integrated Ecological Planning and Sustainable Land Management in Coastal Ecosystems in the Comoros in the Three Island of (Grand Comore, Anjouan, and Moheli)",96434.4984620572,43.36444,-11.473679,0
"284",-0.0357621481908234,-57708.7539117459,-0.0291095296025187,906001153095,"SIP: Integrated Ecological Planning and Sustainable Land Management in Coastal Ecosystems in the Comoros in the Three Island of (Grand Comore, Anjouan, and Moheli)",96427.1505172369,43.3775,-11.501459,0
"285",0.0199754725331542,-57708.7539117459,-0.0120556525169011,906001153095,"SIP: Integrated Ecological Planning and Sustainable Land Management in Coastal Ecosystems in the Comoros in the Three Island of (Grand Comore, Anjouan, and Moheli)",96427.8884438955,43.36833,-11.493679,0
"286",0.0924680669474083,-57708.7539117459,-0.025296287254266,906001153095,"SIP: Integrated Ecological Planning and Sustainable Land Management in Coastal Ecosystems in the Comoros in the Three Island of (Grand Comore, Anjouan, and Moheli)",96292.848293746,43.38194,-11.855071,0
"287",-0.151454400950299,-57708.7539117459,-0.025296287254266,906001153095,"SIP: Integrated Ecological Planning and Sustainable Land Management in Coastal Ecosystems in the Comoros in the Three Island of (Grand Comore, Anjouan, and Moheli)",96304.0767425001,43.41639,-11.848131,0
"288",-0.151454400950299,-57708.7539117459,-0.025296287254266,906001153095,"SIP: Integrated Ecological Planning and Sustainable Land Management in Coastal Ecosystems in the Comoros in the Three Island of (Grand Comore, Anjouan, and Moheli)",96394.3498506649,44.41667,-12.250074,0
"290",0.181874951950522,-57708.7539117459,-0.000948485171927641,906001153111,"Community-based Land Management",218136.185986269,-13,11.066766,0
"291",-0.151454400950299,-57708.7539117459,-0.025296287254266,906001153111,"Community-based Land Management",91309.9785380359,-12.14916,10.533533,0
"292",0.181874951950522,-57708.7539117459,-0.000948485171927641,906001153111,"Community-based Land Management",91406.4053665565,-12.06667,10.733394,0
"293",0.0199754725331542,-57708.7539117459,-0.0291095296025187,906001153111,"Community-based Land Management",217915.566705445,-13,10.490062,0
"294",0.0169688962621652,-57708.7539117459,-0.026428157344336,906001153111,"Community-based Land Management",91558.8880981323,-12.2,11.216767,0
"295",-0.045497067073306,-57708.7539117459,0.00791892571600211,906001153111,"Community-based Land Management",217718.305784738,-14.21667,10.750064,0
"296",-0.346474654484587,-57708.7539117459,-0.026428157344336,906001153111,"Community-based Land Management",217830.919503129,-14.2,11.033396,0
"297",0.0566103206516803,-57708.7539117459,-0.082227689873885,906001153111,"Community-based Land Management",91311.3000959058,-13.0833,11.133367,0
"298",-0.0152843556251768,-57708.7539117459,-0.026428157344336,906001153111,"Community-based Land Management",91591.4317361145,-12.06667,11.216737,0
"299",-0.0357621481908234,-57708.7539117459,0.149319513057591,906001153111,"Community-based Land Management",91796.360669426,-12.3,11.900072,0
"300",0.300524976479802,-5211300.8707268,0.00791892571600211,906001153111,"Community-based Land Management",89882.0687071557,-12.2167,11.800071,0
"301",0.284569908633241,-57708.7539117459,0.149319513057591,906001153111,"Community-based Land Management",91849.3775631519,-11.35,11.433399,0
"302",0.300524976479802,-57708.7539117459,0.00791892571600211,906001153111,"Community-based Land Management",91333.2501754027,-12.18333,10.616763,0
"303",0.0566103206516803,-57708.7539117459,-0.082227689873885,906001153123,"LDC/SIDS Portfolio Project: Capacity Building for Sustainable Land Management in the FSM",258315.119226531,158.162,6.9240401,0
"304",0.117231708907117,-57708.7539117459,-0.082227689873885,906001153127,"LDC/SIDS Portfolio Project: Capacity Building for Sustainable Land Management for Mitigation of Land Degradation in Palau",252792.531962767,134.621,7.5030436,0
"305",0.284569908633241,-57708.7539117459,0.149319513057591,906001153139,"LDC/SIDS Portfolio Project: Capacity Building for Sustainable Land Management in the Cook Islands",169962.890751927,-159.775,-21.234866,0
"311",0.057825577714515,98662106.503639,-0.000948485171927641,906001153139,"LDC/SIDS Portfolio Project: Capacity Building for Sustainable Land Management in the Cook Islands",207323.001472476,-157.71667,-19.816803,0
"313",-0.049800408202648,-57708.7539117459,-0.000948485171927641,906001153139,"LDC/SIDS Portfolio Project: Capacity Building for Sustainable Land Management in the Cook Islands",170868.035677125,-159.79167,-18.858454,0
"315",-0.049800408202648,-57708.7539117459,-0.000948485171927641,906001153139,"LDC/SIDS Portfolio Project: Capacity Building for Sustainable Land Management in the Cook Islands",169955.075492208,-159.78516,-21.248566,0
"317",0.181874951950522,-57708.7539117459,-0.000948485171927641,906001153139,"LDC/SIDS Portfolio Project: Capacity Building for Sustainable Land Management in the Cook Islands",173929.522055042,-161.08333,-10.033389,0
"319",0.0123046022035777,222546.721641834,-0.0227268292494582,906001153139,"LDC/SIDS Portfolio Project: Capacity Building for Sustainable Land Management in the Cook Islands",170253.080375477,-157.925,-21.925152,0
"320",0.0566103206516803,-57708.7539117459,-0.025296287254266,906001153139,"LDC/SIDS Portfolio Project: Capacity Building for Sustainable Land Management in the Cook Islands",170842.277726732,-158.11944,-19.991804,0
"321",-0.045497067073306,-57708.7539117459,-0.026428157344336,906001153151,"SIP: Harmonizing support: a national program integrating water harvesting schemes and sustainable land management",15802.8673872916,42.15139,11.036736,0
"322",-0.178271211852901,98662106.503639,-0.000948485171927641,906001153151,"SIP: Harmonizing support: a national program integrating water harvesting schemes and sustainable land management",52374.5489855741,42.69306,11.360628,0
"323",0.181874951950522,-57708.7539117459,-0.000948485171927641,906001153151,"SIP: Harmonizing support: a national program integrating water harvesting schemes and sustainable land management",16205.7245425791,42.65806,11.766741,0
"324",0.181874951950522,-57708.7539117459,-0.000948485171927641,906001153151,"SIP: Harmonizing support: a national program integrating water harvesting schemes and sustainable land management",15991.9276154326,42.60167,11.243957,0
"325",0.181874951950522,-57708.7539117459,-0.000948485171927641,906001153159,"CPP Cuba: Capacity Building for Planning, Decision Making and Regulatory Systems & Awareness Building/Sustainable Land Management in Severely Degraded Ecosystems",78116.3352255031,-84.14727,21.965593,0
"326",-0.178271211852901,222546.721641834,-0.0227268292494582,906001153159,"CPP Cuba: Capacity Building for Planning, Decision Making and Regulatory Systems & Awareness Building/Sustainable Land Management in Severely Degraded Ecosystems",21023.6812269205,-74.49569,20.073015,0
"327",0.181874951950522,-57708.7539117459,-0.000948485171927641,906001153159,"CPP Cuba: Capacity Building for Planning, Decision Making and Regulatory Systems & Awareness Building/Sustainable Land Management in Severely Degraded Ecosystems",20837.6989780072,-74.81054,20.057695,0
"328",-0.0357621481908234,-57708.7539117459,0.017229238739901,906001153165,"SFM: Promotion of Sustainable Forest and Land Management in the Vietnam Uplands",124589.8924358,105.96746,22.186785,0
"329",0.0566103206516803,-57708.7539117459,-0.025296287254266,906001153165,"SFM: Promotion of Sustainable Forest and Land Management in the Vietnam Uplands",124625.82887106,106.07623,22.211745,0
"330",-0.151454400950299,-57708.7539117459,-0.025296287254266,906001153165,"SFM: Promotion of Sustainable Forest and Land Management in the Vietnam Uplands",124648.779649247,106.08333,22.266826,0
"331",0.0924680669474083,-57708.7539117459,-0.025296287254266,906001153165,"SFM: Promotion of Sustainable Forest and Land Management in the Vietnam Uplands",124583.280028285,106.00815,22.144024,0
"332",0.0123046022035777,-57708.7539117459,-0.026428157344336,906001153165,"SFM: Promotion of Sustainable Forest and Land Management in the Vietnam Uplands",124587.497093884,105.61528,22.405437,0
"333",0.0169688962621652,-57708.7539117459,-0.026428157344336,906001153165,"SFM: Promotion of Sustainable Forest and Land Management in the Vietnam Uplands",124610.404063698,105.95867,22.246335,0
"334",-0.045497067073306,-57708.7539117459,-0.026428157344336,906001153173,"MENARID: Support to Sustainable Land Management in the Siliana Governorate",47535.3998256143,9.61578,35.992531,0
"335",0.0123046022035777,-57708.7539117459,-0.000948485171927641,906001153173,"MENARID: Support to Sustainable Land Management in the Siliana Governorate",47605.8208043793,9.5,36.250367,0
"336",-0.045497067073306,-57708.7539117459,-0.026428157344336,906001153175,"SFM Sustainable Management of Biodiversity and Water Resources in the Ibarra-San Lorenzo Corridor",54036.0722307061,-78.26548,0.42466241,0
"337",0.0123046022035777,-57708.7539117459,-0.026428157344336,906001153175,"SFM Sustainable Management of Biodiversity and Water Resources in the Ibarra-San Lorenzo Corridor",54086.923823615,-78.5762,0.75580429,0
"338",-0.158710966501994,-57708.7539117459,-0.000948485171927641,906001153175,"SFM Sustainable Management of Biodiversity and Water Resources in the Ibarra-San Lorenzo Corridor",198363.677770765,-78.64442,1.2527071,0
"339",0.181874951950522,-57708.7539117459,0.017229238739901,906001153175,"SFM Sustainable Management of Biodiversity and Water Resources in the Ibarra-San Lorenzo Corridor",198276.505811421,-78.89379,1.1844167,0
"340",0.103242534995717,-57708.7539117459,-0.0291095296025187,906001153175,"SFM Sustainable Management of Biodiversity and Water Resources in the Ibarra-San Lorenzo Corridor",198372.314326211,-78.85997,1.413358,0
"341",0.181874951950522,-57708.7539117459,-0.000948485171927641,906001153175,"SFM Sustainable Management of Biodiversity and Water Resources in the Ibarra-San Lorenzo Corridor",54109.2448796158,-78.08333,0.50000284,0
"342",-0.0152843556251768,-57708.7539117459,0.017229238739901,906001153175,"SFM Sustainable Management of Biodiversity and Water Resources in the Ibarra-San Lorenzo Corridor",54072.0693334101,-78.26309,0.51702294,0
"343",-0.158710966501994,-57708.7539117459,-0.000948485171927641,906001153175,"SFM Sustainable Management of Biodiversity and Water Resources in the Ibarra-San Lorenzo Corridor",54091.7318310324,-78.38114,0.64353366,0
"344",0.0012701105170414,-57708.7539117459,-0.025296287254266,906001153175,"SFM Sustainable Management of Biodiversity and Water Resources in the Ibarra-San Lorenzo Corridor",54072.6349343507,-78.21467,0.48789277,0
"345",0.0924680669474083,98662106.503639,-0.082227689873885,906001153179,"SIP: Stimulating Community Initiatives in Sustainable Land Management (SCI-SLM)",147747.265180523,-6.48614,31.638887,0
"346",0.284569908633241,222546.721641834,-0.025296287254266,906001153179,"SIP: Stimulating Community Initiatives in Sustainable Land Management (SCI-SLM)",225597.902559647,32.68333,1.1666766,0
"347",0.0199754725331542,-57708.7539117459,0.017229238739901,906001153179,"SIP: Stimulating Community Initiatives in Sustainable Land Management (SCI-SLM)",110734.629407034,-8.14889,30.876414,0
"348",-0.103471164400625,-57708.7539117459,-0.0291095296025187,906001153179,"SIP: Stimulating Community Initiatives in Sustainable Land Management (SCI-SLM)",111482.095039915,-6.32895,31.669357,0
"349",-0.103471164400625,-57708.7539117459,-0.0291095296025187,906001153179,"SIP: Stimulating Community Initiatives in Sustainable Land Management (SCI-SLM)",225459.835310998,33.04861,0.84167478,0
"350",0.0924680669474083,222546.721641834,-0.0227268292494582,906001153179,"SIP: Stimulating Community Initiatives in Sustainable Land Management (SCI-SLM)",97268.7056366735,29.97828,-28.898144,0
"351",0.284569908633241,98662106.503639,0.00791892571600211,906001153179,"SIP: Stimulating Community Initiatives in Sustainable Land Management (SCI-SLM)",116410.946453702,30.53333,-0.85000483,0
"352",0.284569908633241,98662106.503639,0.00791892571600211,906001153179,"SIP: Stimulating Community Initiatives in Sustainable Land Management (SCI-SLM)",133373.943610108,29.31613,-28.755622,0
"353",-0.049800408202648,-57708.7539117459,-0.000948485171927641,906001153179,"SIP: Stimulating Community Initiatives in Sustainable Land Management (SCI-SLM)",97390.4302086031,30.46023,-28.618301,0
"354",0.284569908633241,98662106.503639,0.00791892571600211,906001153179,"SIP: Stimulating Community Initiatives in Sustainable Land Management (SCI-SLM)",94179.5700362606,-6.21718,31.20642,0
"355",0.284569908633241,98662106.503639,0.00791892571600211,906001153179,"SIP: Stimulating Community Initiatives in Sustainable Land Management (SCI-SLM)",147042.959883237,-8.15597,30.862894,0
"356",0.284569908633241,98662106.503639,0.00791892571600211,906001153179,"SIP: Stimulating Community Initiatives in Sustainable Land Management (SCI-SLM)",129905.398083977,-2.83318,10.552033,0
"357",0.284569908633241,98662106.503639,0.00791892571600211,906001153189,"CPP: Burkina Faso - Sub-programme of the Northern Region-under Partnership Programme for Sustainable Land Management",46902.6447579836,-1.52371,13.369192,0
"358",0.284569908633241,98662106.503639,0.00791892571600211,906001153193,"SFM Facilitating financing for Sustainable Forest Management in SIDS and LFCCs",294630.589352382,158.162,6.9240401,0
"360",0.0199754725331542,-57708.7539117459,-0.000948485171927641,906001153193,"SFM Facilitating financing for Sustainable Forest Management in SIDS and LFCCs",252792.773186372,134.621,7.5030436,0
"361",-0.0152843556251768,-57708.7539117459,-0.000948485171927641,906001153195,"Enabling Paradigm Shift on Monitoring and Assessment within the UNCCD - Piloting the Reporting of the Performance Indicators 2010",196275.877648136,-72.59766,-8.059277,0
"362",0.181874951950522,-57708.7539117459,-0.000948485171927641,906001153195,"Enabling Paradigm Shift on Monitoring and Assessment within the UNCCD - Piloting the Reporting of the Performance Indicators 2010",98141.1230050049,21.09375,7.1881417,0
"363",0.0123046022035777,-57708.7539117459,-0.000948485171927641,906001153195,"Enabling Paradigm Shift on Monitoring and Assessment within the UNCCD - Piloting the Reporting of the Performance Indicators 2010",58136.8902832007,28.38867,51.728106,0
"364",-0.045497067073306,-57708.7539117459,-0.000948485171927641,906001153195,"Enabling Paradigm Shift on Monitoring and Assessment within the UNCCD - Piloting the Reporting of the Performance Indicators 2010",134115.552019498,89.29688,29.840888,0
"365",-0.158710966501994,-57708.7539117459,-0.000948485171927641,906001153199,"Fifth Operational Phase of the GEF Small Grants Programme",200556.148359015,-82.82755,9.6500869,0
"366",-0.045497067073306,-57708.7539117459,-0.000948485171927641,906001153199,"Fifth Operational Phase of the GEF Small Grants Programme",200107.448831891,-84.59781,9.6065167,0
"367",0.0924680669474083,-57708.7539117459,-0.082227689873885,906001153199,"Fifth Operational Phase of the GEF Small Grants Programme",199950.586037373,-83.57094,8.54245,0
"368",0.0566103206516803,-57708.7539117459,-0.025296287254266,906001153199,"Fifth Operational Phase of the GEF Small Grants Programme",200398.340423213,-85.32388,10.830065,0
"369",0.284569908633241,-57708.7539117459,-0.0291095296025187,906001153199,"Fifth Operational Phase of the GEF Small Grants Programme",200471.041301871,-83.97442,10.15996,0
"370",0.0924680669474083,98662106.503639,-0.000948485171927641,906001153199,"Fifth Operational Phase of the GEF Small Grants Programme",109807.337096645,-85.67129,10.851655,0
"371",0.0012701105170414,-5211300.8707268,-0.025296287254266,906001153199,"Fifth Operational Phase of the GEF Small Grants Programme",198665.812949521,-84.015,10.422062,0
"372",0.0012701105170414,-10559981.1464021,-0.025296287254266,906001153199,"Fifth Operational Phase of the GEF Small Grants Programme",52382.1373837146,-83.46728,9.5161361,0
"374",0.0566103206516803,-57708.7539117459,-0.082227689873885,906001153199,"Fifth Operational Phase of the GEF Small Grants Programme",73251.0747118362,-85.59361,10.17312,0
"375",0.057825577714515,98662106.503639,-0.0120556525169011,906001153199,"Fifth Operational Phase of the GEF Small Grants Programme",237011.358244899,-83.50683,10.449002,0
"376",0.0924680669474083,98662106.503639,-0.0120556525169011,906001153199,"Fifth Operational Phase of the GEF Small Grants Programme",236702.980627767,-83.0624,9.3597351,0
"377",0.057825577714515,98662106.503639,-0.0120556525169011,906001153199,"Fifth Operational Phase of the GEF Small Grants Programme",109710.414023839,-85.33424,10.383422,0
"378",0.284569908633241,-57708.7539117459,-0.082227689873885,906001153199,"Fifth Operational Phase of the GEF Small Grants Programme",56260.8591713233,-83.78379,9.7588276,0
"379",0.0566103206516803,-57708.7539117459,-0.082227689873885,906001153203,"SFM Capacity Development for Climate Change Mitigation through Sustainable Forest Management in non-Annex I Countries",52221.0796213259,35.20329,31.921852,0
"380",-0.045497067073306,-57708.7539117459,-0.000948485171927641,906001153203,"SFM Capacity Development for Climate Change Mitigation through Sustainable Forest Management in non-Annex I Countries",169955.072546306,-159.78516,-21.248566,0
"381",-0.045497067073306,-57708.7539117459,-0.000948485171927641,906001153203,"SFM Capacity Development for Climate Change Mitigation through Sustainable Forest Management in non-Annex I Countries",168342.731258404,-169.86667,-19.033456,0
"383",-0.045497067073306,-57708.7539117459,-0.000948485171927641,906001153203,"SFM Capacity Development for Climate Change Mitigation through Sustainable Forest Management in non-Annex I Countries",252792.818006356,134.621,7.5030436,0
"384",-0.045497067073306,-57708.7539117459,-0.000948485171927641,906001153203,"SFM Capacity Development for Climate Change Mitigation through Sustainable Forest Management in non-Annex I Countries",258315.363771048,158.162,6.9240401,0
"385",0.0123046022035777,-57708.7539117459,-0.000948485171927641,906001153205,"MENARID: Participatory Control of Desertification and Poverty Reduction in the Arid and Semi Arid High Plateau Ecosystems of Eastern Morocco",59524.5085364635,-2.55645,33.210864,0
"386",-0.151454400950299,-57708.7539117459,-0.025296287254266,906001153205,"MENARID: Participatory Control of Desertification and Poverty Reduction in the Arid and Semi Arid High Plateau Ecosystems of Eastern Morocco",59402.7791717492,-1.54034,32.244607,0
"387",-0.151454400950299,-57708.7539117459,-0.025296287254266,906001153205,"MENARID: Participatory Control of Desertification and Poverty Reduction in the Arid and Semi Arid High Plateau Ecosystems of Eastern Morocco",59522.6109098816,-3.07021,33.533371,0
"388",-0.151454400950299,-57708.7539117459,-0.025296287254266,906001153205,"MENARID: Participatory Control of Desertification and Poverty Reduction in the Arid and Semi Arid High Plateau Ecosystems of Eastern Morocco",59767.5884808476,-2.56247,33.849827,0
"389",0.103242534995717,-57708.7539117459,-0.04806381335263,906001153205,"MENARID: Participatory Control of Desertification and Poverty Reduction in the Arid and Semi Arid High Plateau Ecosystems of Eastern Morocco",59938.7520623534,-2.11053,34.00954,0
"390",0.103242534995717,-57708.7539117459,-0.04806381335263,906001153205,"MENARID: Participatory Control of Desertification and Poverty Reduction in the Arid and Semi Arid High Plateau Ecosystems of Eastern Morocco",113589.092680053,-1.87936,34.338906,0
"391",0.0169688962621652,-57708.7539117459,-0.082227689873885,906001153205,"MENARID: Participatory Control of Desertification and Poverty Reduction in the Arid and Semi Arid High Plateau Ecosystems of Eastern Morocco",59649.9906070006,-2.82133,33.708184,0
"392",-0.049800408202648,-57708.7539117459,-0.000948485171927641,906001153205,"MENARID: Participatory Control of Desertification and Poverty Reduction in the Arid and Semi Arid High Plateau Ecosystems of Eastern Morocco",59982.4579640922,-1.78552,33.915968,0
"393",0.284569908633241,-57708.7539117459,0.017229238739901,906001153205,"MENARID: Participatory Control of Desertification and Poverty Reduction in the Arid and Semi Arid High Plateau Ecosystems of Eastern Morocco",59844.993548285,-2.3138,33.894087,0
"394",0.103242534995717,4175324.49726667,-0.000948485171927641,906001153205,"MENARID: Participatory Control of Desertification and Poverty Reduction in the Arid and Semi Arid High Plateau Ecosystems of Eastern Morocco",60954.5412426069,-1.88151,32.448331,0
"395",0.284569908633241,-57708.7539117459,0.017229238739901,906001153205,"MENARID: Participatory Control of Desertification and Poverty Reduction in the Arid and Semi Arid High Plateau Ecosystems of Eastern Morocco",59654.3106583958,-1.96537,33.173554,0
"401",-0.178271211852901,-57708.7539117459,-0.00861963526872642,906001153211,"R2R Integrated Environmental Management of the Fangauta Lagoon Catchment",166214.646779717,-175.23502,-21.171925,0
"402",0.00148653383103986,-57708.7539117459,-0.025296287254266,906001153211,"R2R Integrated Environmental Management of the Fangauta Lagoon Catchment",166239.071676008,-175.11832,-21.182095,0
"403",-0.46214818849391,-7396369.54381531,-0.025296287254266,906001153211,"R2R Integrated Environmental Management of the Fangauta Lagoon Catchment",163513.46653779,-175.23291,-21.177745,0
"404",0.0012701105170414,-57708.7539117459,-0.025296287254266,906001153211,"R2R Integrated Environmental Management of the Fangauta Lagoon Catchment",166220.609775111,-175.17678,-21.193065,0
"405",-0.0152843556251768,98662106.503639,-0.000948485171927641,906001153211,"R2R Integrated Environmental Management of the Fangauta Lagoon Catchment",202564.008003003,-175.12674,-21.152055,0
"407",0.00148653383103986,-57708.7539117459,-0.00861963526872642,906001153211,"R2R Integrated Environmental Management of the Fangauta Lagoon Catchment",166246.826286573,-175.11173,-21.166125,0
"408",-0.045497067073306,-5211300.8707268,-0.00861963526872642,906001153211,"R2R Integrated Environmental Management of the Fangauta Lagoon Catchment",164333.339765276,-175.17961,-21.169095,0
"409",0.284569908633241,98662106.503639,-0.082227689873885,906001153213,"Participatory Coastal Zone Restoration and Sustainable Management in the Eastern Province of Post-Tsunami Sri Lanka",149690.797089311,81.2009,8.6728508,0
"410",0.284569908633241,98662106.503639,0.149319513057591,906001153213,"Participatory Coastal Zone Restoration and Sustainable Management in the Eastern Province of Post-Tsunami Sri Lanka",90318.1345260107,81.8149,6.8534397,0
"411",0.284569908633241,98662106.503639,0.00791892571600211,906001153213,"Participatory Coastal Zone Restoration and Sustainable Management in the Eastern Province of Post-Tsunami Sri Lanka",90262.0325944917,81.7076,6.7760392,0
"412",0.284569908633241,98662106.503639,-0.082227689873885,906001153213,"Participatory Coastal Zone Restoration and Sustainable Management in the Eastern Province of Post-Tsunami Sri Lanka",149541.08707024,81.43333,8.1333775,0
"413",0.284569908633241,98662106.503639,-0.082227689873885,906001153213,"Participatory Coastal Zone Restoration and Sustainable Management in the Eastern Province of Post-Tsunami Sri Lanka",149677.676332462,81.1396,8.6776508,0
"414",0.284569908633241,98662106.503639,-0.082227689873885,906001153219,"Forest Protection and Reforestation",129378.008560297,79.96667,50.68432,0
"415",0.284569908633241,98662106.503639,0.00791892571600211,906001153219,"Forest Protection and Reforestation",129541.701116599,78.83333,51.834415,0
"416",0.284569908633241,98662106.503639,-0.082227689873885,906001153219,"Forest Protection and Reforestation",83064.3092728979,60,45.000651,0
"417",0.284569908633241,98662106.503639,-0.082227689873885,906001153227,"National Program Support for Environment and Natural Resources Management Project (NPS-ENRMP)",161797.010502159,121.23333,14.783422,0
"418",0.284569908633241,98662106.503639,0.149319513057591,906001153227,"National Program Support for Environment and Natural Resources Management Project (NPS-ENRMP)",288724.419978812,122.87016,13.993026,0
"419",0.284569908633241,98662106.503639,-0.082227689873885,906001153227,"National Program Support for Environment and Natural Resources Management Project (NPS-ENRMP)",288409.289883826,124.6119,12.060073,0
"420",0.0924680669474083,222546.721641834,-0.0227268292494582,906001153227,"National Program Support for Environment and Natural Resources Management Project (NPS-ENRMP)",252460.456663734,123.06667,13.733414,0
"421",0.181874951950522,-57708.7539117459,0.00791892571600211,906001153227,"National Program Support for Environment and Natural Resources Management Project (NPS-ENRMP)",125653.673586375,121.04773,15.350846,0
"422",0.0924680669474083,-5211300.8707268,-0.082227689873885,906001153227,"National Program Support for Environment and Natural Resources Management Project (NPS-ENRMP)",123570.182063254,121.11667,14.816762,0
"423",0.0924680669474083,-10559981.1464021,-0.082227689873885,906001153227,"National Program Support for Environment and Natural Resources Management Project (NPS-ENRMP)",121657.126456924,121.18333,14.916763,0
"424",0.284569908633241,98662106.503639,-0.082227689873885,906001153227,"National Program Support for Environment and Natural Resources Management Project (NPS-ENRMP)",288637.597009786,122.76667,13.833415,0
"425",0.284569908633241,98662106.503639,0.149319513057591,906001153227,"National Program Support for Environment and Natural Resources Management Project (NPS-ENRMP)",288627.189315943,122.98333,13.666754,0
"426",0.284569908633241,98662106.503639,-0.082227689873885,906001153227,"National Program Support for Environment and Natural Resources Management Project (NPS-ENRMP)",288651.460814337,122.66667,13.933416,0
"427",0.284569908633241,98662106.503639,0.149319513057591,906001153227,"National Program Support for Environment and Natural Resources Management Project (NPS-ENRMP)",288748.174252547,121.46667,14.950093,0
"428",-0.0761095495073033,-57708.7539117459,-0.025296287254266,906001153227,"National Program Support for Environment and Natural Resources Management Project (NPS-ENRMP)",250186.254252667,124.78278,6.9647604,0
"429",-0.46214818849391,-57708.7539117459,-0.025296287254266,906001153227,"National Program Support for Environment and Natural Resources Management Project (NPS-ENRMP)",125524.452866543,121.06667,15.000093,0
"430",0.00148653383103986,-57708.7539117459,-0.025296287254266,906001153227,"National Program Support for Environment and Natural Resources Management Project (NPS-ENRMP)",252434.911121655,122.97804,13.992456,0
"431",-0.045497067073306,98662106.503639,-0.000948485171927641,906001153227,"National Program Support for Environment and Natural Resources Management Project (NPS-ENRMP)",288664.155830025,122.9,13.816755,0
"432",0.0012701105170414,98662106.503639,-0.0120556525169011,906001153229,"Supporting Capacity Building for the Third National Reporting to CRIC-5/COP-8",206270.449144145,-159.78516,-21.248566,0
"433",0.284569908633241,98662106.503639,-0.082227689873885,906001153229,"Supporting Capacity Building for the Third National Reporting to CRIC-5/COP-8",294630.395653132,158.162,6.9240401,0
"434",-0.0357621481908234,-57708.7539117459,-0.0291095296025187,906001153229,"Supporting Capacity Building for the Third National Reporting to CRIC-5/COP-8",168342.664084236,-169.86667,-19.033456,0
"436",0.00148653383103986,-57708.7539117459,-0.0120556525169011,906001153229,"Supporting Capacity Building for the Third National Reporting to CRIC-5/COP-8",252792.761977068,134.621,7.5030436,0
"437",0.181874951950522,-57708.7539117459,-0.0120556525169011,906001153231,"Sustainable Land Management Promotion ",34757.1186351208,-102.54116,22.876272,0
"438",0.0924680669474083,-57708.7539117459,-0.025296287254266,906001153231,"Sustainable Land Management Promotion ",72822.3916150434,-96.31389,15.88871,0
"439",0.0012701105170414,-57708.7539117459,-0.025296287254266,906001153241,"LDC/SIDS Portfolio Project: Capacity Building and Resource Mobilization for Sustainable Land Management in Bangladesh",121461.71392633,89.91318,24.249426,0
"440",0.057825577714515,-57708.7539117459,-0.04806381335263,906001153241,"LDC/SIDS Portfolio Project: Capacity Building and Resource Mobilization for Sustainable Land Management in Bangladesh",121520.807537198,90.625,23.950173,0
"442",0.057825577714515,-57708.7539117459,-0.04806381335263,906001153243,"LDC and SIDS Targeted Portfolio Approach For Capacity Development and Mainstreaming of Sustainable Land Management",252792.646038303,134.621,7.5030436,0
"443",0.057825577714515,-57708.7539117459,-0.04806381335263,906001153243,"LDC and SIDS Targeted Portfolio Approach For Capacity Development and Mainstreaming of Sustainable Land Management",169954.900578254,-159.78516,-21.248566,0
"444",0.00148653383103986,-57708.7539117459,-0.0291095296025187,906001153243,"LDC and SIDS Targeted Portfolio Approach For Capacity Development and Mainstreaming of Sustainable Land Management",168342.63858522,-169.86667,-19.033456,0
"445",-0.158710966501994,-57708.7539117459,-0.0120556525169011,906001153243,"LDC and SIDS Targeted Portfolio Approach For Capacity Development and Mainstreaming of Sustainable Land Management",258315.417406811,158.162,6.9240401,0
